,Date,Tweet,Likes,Retweet,Reply,Mention
0,2022-12-10 08:07:07+00:00,"Our book chapter ""#ML for Metabolomic Pathway Analyses"" has now been published, yahoo! 📔🍾 @UMmalta @QMUL 

https://t.co/5Ogknv9eJv https://t.co/9t56WINcSc",8,0,0,"[User(username='UMmalta', id=608929606, displayname='University of Malta', description=None, rawDescription=None, descriptionUrls=None, verified=None, created=None, followersCount=None, friendsCount=None, statusesCount=None, favouritesCount=None, listedCount=None, mediaCount=None, location=None, protected=None, linkUrl=None, linkTcourl=None, profileImageUrl=None, profileBannerUrl=None, label=None), User(username='QMUL', id=19401276, displayname='Queen Mary University of London', description=None, rawDescription=None, descriptionUrls=None, verified=None, created=None, followersCount=None, friendsCount=None, statusesCount=None, favouritesCount=None, listedCount=None, mediaCount=None, location=None, protected=None, linkUrl=None, linkTcourl=None, profileImageUrl=None, profileBannerUrl=None, label=None)]"
1,2022-12-07 11:23:12+00:00,Christmas would not be the same without the #AdventOfCode https://t.co/hjKKJtDg24 🎄🎅. At least for #programmers,2,1,0,No mention
2,2022-12-06 12:51:24+00:00,"@dwejjaq_enormi if you have to explain it, it's not funny",0,0,0,"[User(username='dwejjaq_enormi', id=1337414734426071040, displayname='kat', description=None, rawDescription=None, descriptionUrls=None, verified=None, created=None, followersCount=None, friendsCount=None, statusesCount=None, favouritesCount=None, listedCount=None, mediaCount=None, location=None, protected=None, linkUrl=None, linkTcourl=None, profileImageUrl=None, profileBannerUrl=None, label=None)]"
3,2022-11-23 20:25:15+00:00,"Come at @UMmalta to work on some #Bioinformatics projects with us.
https://t.co/8TU1IcThXR",3,2,0,"[User(username='UMmalta', id=608929606, displayname='University of Malta', description=None, rawDescription=None, descriptionUrls=None, verified=None, created=None, followersCount=None, friendsCount=None, statusesCount=None, favouritesCount=None, listedCount=None, mediaCount=None, location=None, protected=None, linkUrl=None, linkTcourl=None, profileImageUrl=None, profileBannerUrl=None, label=None)]"
4,2022-11-18 12:44:41+00:00,"I would say I am at least at lvl5
https://t.co/6g1QHM3eFg 😓🥵",0,0,0,No mention
5,2022-11-15 10:36:09+00:00,#CPS3235 Assignment. @elonmusk is king.,1,0,1,"[User(username='elonmusk', id=44196397, displayname='Elon Musk', description=None, rawDescription=None, descriptionUrls=None, verified=None, created=None, followersCount=None, friendsCount=None, statusesCount=None, favouritesCount=None, listedCount=None, mediaCount=None, location=None, protected=None, linkUrl=None, linkTcourl=None, profileImageUrl=None, profileBannerUrl=None, label=None)]"
6,2022-11-15 08:36:30+00:00,"These are *read* emails.  @airmalta why do you insist on these UX antipatterns (somehow using a bold, black, typeface in the subject for these emails to ""stand out"" in your inbox).  Am I the only one annoyed by this? 🛬 https://t.co/DboR7CJg0U",2,0,3,"[User(username='AirMalta', id=145612989, displayname='Air Malta', description=None, rawDescription=None, descriptionUrls=None, verified=None, created=None, followersCount=None, friendsCount=None, statusesCount=None, favouritesCount=None, listedCount=None, mediaCount=None, location=None, protected=None, linkUrl=None, linkTcourl=None, profileImageUrl=None, profileBannerUrl=None, label=None)]"
7,2022-11-15 04:57:06+00:00,@TheMarvel91 @Campanelli11 Ma anche un banalissimo 3-4-3.,0,0,0,"[User(username='TheMarvel91', id=1377942848, displayname='Marco', description=None, rawDescription=None, descriptionUrls=None, verified=None, created=None, followersCount=None, friendsCount=None, statusesCount=None, favouritesCount=None, listedCount=None, mediaCount=None, location=None, protected=None, linkUrl=None, linkTcourl=None, profileImageUrl=None, profileBannerUrl=None, label=None), User(username='Campanelli11', id=1919541198, displayname='Alex Campanelli', description=None, rawDescription=None, descriptionUrls=None, verified=None, created=None, followersCount=None, friendsCount=None, statusesCount=None, favouritesCount=None, listedCount=None, mediaCount=None, location=None, protected=None, linkUrl=None, linkTcourl=None, profileImageUrl=None, profileBannerUrl=None, label=None)]"
8,2022-10-14 19:37:26+00:00,@drmenguin I'm always game to some \LaTeX fun 😂,3,0,0,"[User(username='drmenguin', id=1201475837058584576, displayname='Luke Collins', description=None, rawDescription=None, descriptionUrls=None, verified=None, created=None, followersCount=None, friendsCount=None, statusesCount=None, favouritesCount=None, listedCount=None, mediaCount=None, location=None, protected=None, linkUrl=None, linkTcourl=None, profileImageUrl=None, profileBannerUrl=None, label=None)]"
9,2022-10-14 11:04:06+00:00,"Great to see @danvlla with his few-shot #MachineLearning methods for #DrugDiscovery make it to @UMmalta 7-interesting-dissertations short-list.  (Mind you, the only https://t.co/bopmC2aCcj. dissertation I've ever witnessed without any corrections).

https://t.co/SrvSkMYPRT",6,2,1,"[User(username='danvlla', id=531209629, displayname='Daniel Vella', description=None, rawDescription=None, descriptionUrls=None, verified=None, created=None, followersCount=None, friendsCount=None, statusesCount=None, favouritesCount=None, listedCount=None, mediaCount=None, location=None, protected=None, linkUrl=None, linkTcourl=None, profileImageUrl=None, profileBannerUrl=None, label=None), User(username='UMmalta', id=608929606, displayname='University of Malta', description=None, rawDescription=None, descriptionUrls=None, verified=None, created=None, followersCount=None, friendsCount=None, statusesCount=None, favouritesCount=None, listedCount=None, mediaCount=None, location=None, protected=None, linkUrl=None, linkTcourl=None, profileImageUrl=None, profileBannerUrl=None, label=None)]"
10,2022-10-11 09:39:59+00:00,This morning's brew.  Thanks @OPIGlets https://t.co/0p2L3f8umP,11,0,2,"[User(username='OPIGlets', id=1062327264883474432, displayname='Oxford Protein Informatics Group (OPIG)', description=None, rawDescription=None, descriptionUrls=None, verified=None, created=None, followersCount=None, friendsCount=None, statusesCount=None, favouritesCount=None, listedCount=None, mediaCount=None, location=None, protected=None, linkUrl=None, linkTcourl=None, profileImageUrl=None, profileBannerUrl=None, label=None)]"
11,2022-09-12 14:28:18+00:00,"New @UMmalta #LaTeX dissertation/thesis template release.  Get writing! ✍️📖

https://t.co/vdGcEWt0BR",0,0,0,"[User(username='UMmalta', id=608929606, displayname='University of Malta', description=None, rawDescription=None, descriptionUrls=None, verified=None, created=None, followersCount=None, friendsCount=None, statusesCount=None, favouritesCount=None, listedCount=None, mediaCount=None, location=None, protected=None, linkUrl=None, linkTcourl=None, profileImageUrl=None, profileBannerUrl=None, label=None)]"
12,2022-08-18 13:51:14+00:00,"@NicholasMamo Fool Me Once, Shame on You; Fool Me Twice, Shame on Me",0,0,0,"[User(username='NicholasMamo', id=816931592, displayname='Nicholas Mamo', description=None, rawDescription=None, descriptionUrls=None, verified=None, created=None, followersCount=None, friendsCount=None, statusesCount=None, favouritesCount=None, listedCount=None, mediaCount=None, location=None, protected=None, linkUrl=None, linkTcourl=None, profileImageUrl=None, profileBannerUrl=None, label=None)]"
13,2022-08-18 13:48:58+00:00,"@NicholasMamo How can you complain? You sold terrible players for a truckload of cash. Ndombele for 60M, Guimaraes 43M, Mendes 13M (to my Juve!), Fekir 20M.  I think after Porto, you're the second most pricey boutique.  And of course, there is no correlation of these price tags with quality.",0,0,2,"[User(username='NicholasMamo', id=816931592, displayname='Nicholas Mamo', description=None, rawDescription=None, descriptionUrls=None, verified=None, created=None, followersCount=None, friendsCount=None, statusesCount=None, favouritesCount=None, listedCount=None, mediaCount=None, location=None, protected=None, linkUrl=None, linkTcourl=None, profileImageUrl=None, profileBannerUrl=None, label=None)]"
14,2022-08-16 13:59:30+00:00,"@AcademicChatter I get asked this so often I actually wrote them down in a blog post.

https://t.co/3LI9WhmiVI",0,0,0,"[User(username='AcademicChatter', id=885953601067208705, displayname='Academic Chatter™', description=None, rawDescription=None, descriptionUrls=None, verified=None, created=None, followersCount=None, friendsCount=None, statusesCount=None, favouritesCount=None, listedCount=None, mediaCount=None, location=None, protected=None, linkUrl=None, linkTcourl=None, profileImageUrl=None, profileBannerUrl=None, label=None)]"
15,2022-08-15 14:47:38+00:00,@TheMarvel91 And he'd score more goals in a fortnight in the Maltese Premier League than he ever will in the MLS,0,0,0,"[User(username='TheMarvel91', id=1377942848, displayname='Marco', description=None, rawDescription=None, descriptionUrls=None, verified=None, created=None, followersCount=None, friendsCount=None, statusesCount=None, favouritesCount=None, listedCount=None, mediaCount=None, location=None, protected=None, linkUrl=None, linkTcourl=None, profileImageUrl=None, profileBannerUrl=None, label=None)]"
16,2022-08-10 10:02:06+00:00,"Some of our doctoral research featured in Think Magazine. I do the #bioinformatics side (of course) ... @THINKUMtweets @UMmalta 

https://t.co/9zfQn43bAk",6,3,0,"[User(username='THINKUMtweets', id=867633584, displayname='THINK Magazine', description=None, rawDescription=None, descriptionUrls=None, verified=None, created=None, followersCount=None, friendsCount=None, statusesCount=None, favouritesCount=None, listedCount=None, mediaCount=None, location=None, protected=None, linkUrl=None, linkTcourl=None, profileImageUrl=None, profileBannerUrl=None, label=None), User(username='UMmalta', id=608929606, displayname='University of Malta', description=None, rawDescription=None, descriptionUrls=None, verified=None, created=None, followersCount=None, friendsCount=None, statusesCount=None, favouritesCount=None, listedCount=None, mediaCount=None, location=None, protected=None, linkUrl=None, linkTcourl=None, profileImageUrl=None, profileBannerUrl=None, label=None)]"
17,2022-08-09 13:10:14+00:00,@luca_desando @ilgobbo2002 But they can only perform with Allegri as head coach!,1,0,0,"[User(username='luca_desando', id=1594853743, displayname='Luca DeSando', description=None, rawDescription=None, descriptionUrls=None, verified=None, created=None, followersCount=None, friendsCount=None, statusesCount=None, favouritesCount=None, listedCount=None, mediaCount=None, location=None, protected=None, linkUrl=None, linkTcourl=None, profileImageUrl=None, profileBannerUrl=None, label=None)]"
18,2022-07-29 10:36:35+00:00,Day 10 of the Data Science Summer School #DSSS  @UMmalta. Slides: https://t.co/z3Vd1BiMjz,3,0,1,"[User(username='UMmalta', id=608929606, displayname='University of Malta', description=None, rawDescription=None, descriptionUrls=None, verified=None, created=None, followersCount=None, friendsCount=None, statusesCount=None, favouritesCount=None, listedCount=None, mediaCount=None, location=None, protected=None, linkUrl=None, linkTcourl=None, profileImageUrl=None, profileBannerUrl=None, label=None)]"
19,2022-06-13 12:52:47+00:00,@realtalkjess I'd like to send a card as well (address?)... from #Malta,0,0,0,"[User(username='realtalkjess', id=3390483755, displayname='Jessica won’t stop believin💗', description=None, rawDescription=None, descriptionUrls=None, verified=None, created=None, followersCount=None, friendsCount=None, statusesCount=None, favouritesCount=None, listedCount=None, mediaCount=None, location=None, protected=None, linkUrl=None, linkTcourl=None, profileImageUrl=None, profileBannerUrl=None, label=None)]"
20,2022-06-10 13:33:43+00:00,@It_Tre @FBiasin calunnia,0,0,0,"[User(username='It_Tre', id=618480981, displayname='Justin Zahra', description=None, rawDescription=None, descriptionUrls=None, verified=None, created=None, followersCount=None, friendsCount=None, statusesCount=None, favouritesCount=None, listedCount=None, mediaCount=None, location=None, protected=None, linkUrl=None, linkTcourl=None, profileImageUrl=None, profileBannerUrl=None, label=None), User(username='FBiasin', id=466499074, displayname='Fabrizio Biasin', description=None, rawDescription=None, descriptionUrls=None, verified=None, created=None, followersCount=None, friendsCount=None, statusesCount=None, favouritesCount=None, listedCount=None, mediaCount=None, location=None, protected=None, linkUrl=None, linkTcourl=None, profileImageUrl=None, profileBannerUrl=None, label=None)]"
21,2022-06-09 11:23:15+00:00,My Precioussss https://t.co/BLz0PuxHFO,16,0,0,No mention
22,2022-06-08 10:09:24+00:00,"@remotesweden I used to have a recording for it, but zoom deleted it after one year! (and since we are now back in class...).  DM me for the slides.",0,0,0,"[User(username='remotesweden', id=1524085490529542149, displayname='Remote jobs in Sweden', description=None, rawDescription=None, descriptionUrls=None, verified=None, created=None, followersCount=None, friendsCount=None, statusesCount=None, favouritesCount=None, listedCount=None, mediaCount=None, location=None, protected=None, linkUrl=None, linkTcourl=None, profileImageUrl=None, profileBannerUrl=None, label=None)]"
23,2022-05-20 14:15:24+00:00,Some days are better than others ... https://t.co/FYpevmCwBh,12,0,1,No mention
24,2022-05-16 21:32:22+00:00,"Ma come si fa a fischiare @andagn, ci ha fatto vincere di tutto per nove anni?  Vi meritate Cobolli Gigli o Blanc. Demenziale! ⚽️",0,0,0,"[User(username='andagn', id=510152939, displayname='Andrea Agnelli', description=None, rawDescription=None, descriptionUrls=None, verified=None, created=None, followersCount=None, friendsCount=None, statusesCount=None, favouritesCount=None, listedCount=None, mediaCount=None, location=None, protected=None, linkUrl=None, linkTcourl=None, profileImageUrl=None, profileBannerUrl=None, label=None)]"
25,2022-05-14 07:00:09+00:00,@markussitzmann @TJCalculator @dr_greg_landrum Never has a prize been more well-deserved.  Congratulations @dr_greg_landrum,0,0,0,"[User(username='markussitzmann', id=250434201, displayname='Markus Sitzmann', description=None, rawDescription=None, descriptionUrls=None, verified=None, created=None, followersCount=None, friendsCount=None, statusesCount=None, favouritesCount=None, listedCount=None, mediaCount=None, location=None, protected=None, linkUrl=None, linkTcourl=None, profileImageUrl=None, profileBannerUrl=None, label=None), User(username='TJCalculator', id=387521706, displayname='Tawatchai Jitporn', description=None, rawDescription=None, descriptionUrls=None, verified=None, created=None, followersCount=None, friendsCount=None, statusesCount=None, favouritesCount=None, listedCount=None, mediaCount=None, location=None, protected=None, linkUrl=None, linkTcourl=None, profileImageUrl=None, profileBannerUrl=None, label=None), User(username='dr_greg_landrum', id=4374720023, displayname='Greg Landrum', description=None, rawDescription=None, descriptionUrls=None, verified=None, created=None, followersCount=None, friendsCount=None, statusesCount=None, favouritesCount=None, listedCount=None, mediaCount=None, location=None, protected=None, linkUrl=None, linkTcourl=None, profileImageUrl=None, profileBannerUrl=None, label=None), User(username='dr_greg_landrum', id=4374720023, displayname='Greg Landrum', description=None, rawDescription=None, descriptionUrls=None, verified=None, created=None, followersCount=None, friendsCount=None, statusesCount=None, favouritesCount=None, listedCount=None, mediaCount=None, location=None, protected=None, linkUrl=None, linkTcourl=None, profileImageUrl=None, profileBannerUrl=None, label=None)]"
26,2022-05-06 10:38:36+00:00,@markcamilleri5 Fixed it for you: You're  😀,1,0,0,"[User(username='markcamilleri5', id=2576324552, displayname='Mark Camilleri', description=None, rawDescription=None, descriptionUrls=None, verified=None, created=None, followersCount=None, friendsCount=None, statusesCount=None, favouritesCount=None, listedCount=None, mediaCount=None, location=None, protected=None, linkUrl=None, linkTcourl=None, profileImageUrl=None, profileBannerUrl=None, label=None)]"
27,2022-04-27 20:35:01+00:00,@TheMarvel91 La Juve si e scansata un paio di volte ...,0,0,0,"[User(username='TheMarvel91', id=1377942848, displayname='Marco', description=None, rawDescription=None, descriptionUrls=None, verified=None, created=None, followersCount=None, friendsCount=None, statusesCount=None, favouritesCount=None, listedCount=None, mediaCount=None, location=None, protected=None, linkUrl=None, linkTcourl=None, profileImageUrl=None, profileBannerUrl=None, label=None)]"
28,2022-04-26 13:22:22+00:00,Quite chuffed to see our #MScBioinformatics students (@UMmalta) in @TheTimesofMalta.  Now accepting applications for #MScBioinformatics Oct 2022 intake (https://t.co/MgnHAdi8Ri) 💻🧬🔬🧮 https://t.co/oufcjCGXlg,4,0,0,"[User(username='UMmalta', id=608929606, displayname='University of Malta', description=None, rawDescription=None, descriptionUrls=None, verified=None, created=None, followersCount=None, friendsCount=None, statusesCount=None, favouritesCount=None, listedCount=None, mediaCount=None, location=None, protected=None, linkUrl=None, linkTcourl=None, profileImageUrl=None, profileBannerUrl=None, label=None), User(username='TheTimesofMalta', id=390687940, displayname='Times of Malta', description=None, rawDescription=None, descriptionUrls=None, verified=None, created=None, followersCount=None, friendsCount=None, statusesCount=None, favouritesCount=None, listedCount=None, mediaCount=None, location=None, protected=None, linkUrl=None, linkTcourl=None, profileImageUrl=None, profileBannerUrl=None, label=None)]"
29,2022-03-30 09:54:15+00:00,"""The counter-intuitive rise of #Python in #ScientificComputing"".  An interesting take (although vs Fortran!) for someone, like me, who uses scientific Python every day. 🐍 https://t.co/unTA3WJOED",1,0,0,No mention
30,2022-03-22 08:33:26+00:00,"@TheMarvel91 Nistu ma naqblux ta, il-hajja ghalhekk sabiha ghax varjata.  U jekk gidba tort tal gazzetti mhux tieghi.
https://t.co/nG4y8OJXpO",0,0,1,"[User(username='TheMarvel91', id=1377942848, displayname='Marco', description=None, rawDescription=None, descriptionUrls=None, verified=None, created=None, followersCount=None, friendsCount=None, statusesCount=None, favouritesCount=None, listedCount=None, mediaCount=None, location=None, protected=None, linkUrl=None, linkTcourl=None, profileImageUrl=None, profileBannerUrl=None, label=None)]"
31,2022-03-22 08:30:35+00:00,@TheMarvel91 That is why I love football.  Two people follow the same team and matches and can have polarizing opinions about a single (same) player.,0,0,0,"[User(username='TheMarvel91', id=1377942848, displayname='Marco', description=None, rawDescription=None, descriptionUrls=None, verified=None, created=None, followersCount=None, friendsCount=None, statusesCount=None, favouritesCount=None, listedCount=None, mediaCount=None, location=None, protected=None, linkUrl=None, linkTcourl=None, profileImageUrl=None, profileBannerUrl=None, label=None)]"
32,2022-03-22 08:27:56+00:00,"@TheMarvel91 Goals this season: Udinese (x2), Sampdoria, Inter (Pen.), Salernitana (x2), Genoa, Roma.  You don't need a €10M-a-year player who doesn't want to train to score against these teams.  You just need a Morata (same goals) or a Caputo (+1).",0,0,1,"[User(username='TheMarvel91', id=1377942848, displayname='Marco', description=None, rawDescription=None, descriptionUrls=None, verified=None, created=None, followersCount=None, friendsCount=None, statusesCount=None, favouritesCount=None, listedCount=None, mediaCount=None, location=None, protected=None, linkUrl=None, linkTcourl=None, profileImageUrl=None, profileBannerUrl=None, label=None)]"
33,2022-03-21 15:01:37+00:00,"@TheMarvel91 U ejja Marco.  Fl-ahhar tlett seasons: 33/11, 20/4, 21/8 (games played/goals scored).  Inury plagued, u qatt decisiv fil-loghob importanti.  Nibki ghal Apache jew Del Piero mela ghal dan...",3,0,2,"[User(username='TheMarvel91', id=1377942848, displayname='Marco', description=None, rawDescription=None, descriptionUrls=None, verified=None, created=None, followersCount=None, friendsCount=None, statusesCount=None, favouritesCount=None, listedCount=None, mediaCount=None, location=None, protected=None, linkUrl=None, linkTcourl=None, profileImageUrl=None, profileBannerUrl=None, label=None)]"
34,2022-03-10 21:54:08+00:00,@pisto_gol Ma parla di lei @It_Tre ?,0,0,0,"[User(username='pisto_gol', id=2762840061, displayname='Maurizio Pistocchi', description=None, rawDescription=None, descriptionUrls=None, verified=None, created=None, followersCount=None, friendsCount=None, statusesCount=None, favouritesCount=None, listedCount=None, mediaCount=None, location=None, protected=None, linkUrl=None, linkTcourl=None, profileImageUrl=None, profileBannerUrl=None, label=None), User(username='It_Tre', id=618480981, displayname='Justin Zahra', description=None, rawDescription=None, descriptionUrls=None, verified=None, created=None, followersCount=None, friendsCount=None, statusesCount=None, favouritesCount=None, listedCount=None, mediaCount=None, location=None, protected=None, linkUrl=None, linkTcourl=None, profileImageUrl=None, profileBannerUrl=None, label=None)]"
35,2022-03-03 11:51:34+00:00,@TheMarvel91 lil dan rajtu? Ezatt.  https://t.co/74t3eOcp0w,0,0,1,"[User(username='TheMarvel91', id=1377942848, displayname='Marco', description=None, rawDescription=None, descriptionUrls=None, verified=None, created=None, followersCount=None, friendsCount=None, statusesCount=None, favouritesCount=None, listedCount=None, mediaCount=None, location=None, protected=None, linkUrl=None, linkTcourl=None, profileImageUrl=None, profileBannerUrl=None, label=None)]"
36,2022-03-02 21:09:28+00:00,"@TheMarvel91 @piersmorgan Don't get me wrong.  I don't want to be the cinic here.  And I hate it to agree with Piers, but he is right here.  Abramovich should simply have condemned his pal's actions outright.",0,0,0,"[User(username='TheMarvel91', id=1377942848, displayname='Marco', description=None, rawDescription=None, descriptionUrls=None, verified=None, created=None, followersCount=None, friendsCount=None, statusesCount=None, favouritesCount=None, listedCount=None, mediaCount=None, location=None, protected=None, linkUrl=None, linkTcourl=None, profileImageUrl=None, profileBannerUrl=None, label=None), User(username='piersmorgan', id=216299334, displayname='Piers Morgan', description=None, rawDescription=None, descriptionUrls=None, verified=None, created=None, followersCount=None, friendsCount=None, statusesCount=None, favouritesCount=None, listedCount=None, mediaCount=None, location=None, protected=None, linkUrl=None, linkTcourl=None, profileImageUrl=None, profileBannerUrl=None, label=None)]"
37,2022-03-02 21:04:26+00:00,"@TheMarvel91 @piersmorgan Chelsea have £2B loans to Abramovich. Anything less, and you wouldn't make a profit le?",0,0,1,"[User(username='TheMarvel91', id=1377942848, displayname='Marco', description=None, rawDescription=None, descriptionUrls=None, verified=None, created=None, followersCount=None, friendsCount=None, statusesCount=None, favouritesCount=None, listedCount=None, mediaCount=None, location=None, protected=None, linkUrl=None, linkTcourl=None, profileImageUrl=None, profileBannerUrl=None, label=None), User(username='piersmorgan', id=216299334, displayname='Piers Morgan', description=None, rawDescription=None, descriptionUrls=None, verified=None, created=None, followersCount=None, friendsCount=None, statusesCount=None, favouritesCount=None, listedCount=None, mediaCount=None, location=None, protected=None, linkUrl=None, linkTcourl=None, profileImageUrl=None, profileBannerUrl=None, label=None)]"
38,2022-03-02 20:57:36+00:00,@TheMarvel91 @piersmorgan That is not what I interpret this to mean.  Net profit = sale price - money sunk in Chelsea during the past two decades.,0,0,1,"[User(username='TheMarvel91', id=1377942848, displayname='Marco', description=None, rawDescription=None, descriptionUrls=None, verified=None, created=None, followersCount=None, friendsCount=None, statusesCount=None, favouritesCount=None, listedCount=None, mediaCount=None, location=None, protected=None, linkUrl=None, linkTcourl=None, profileImageUrl=None, profileBannerUrl=None, label=None), User(username='piersmorgan', id=216299334, displayname='Piers Morgan', description=None, rawDescription=None, descriptionUrls=None, verified=None, created=None, followersCount=None, friendsCount=None, statusesCount=None, favouritesCount=None, listedCount=None, mediaCount=None, location=None, protected=None, linkUrl=None, linkTcourl=None, profileImageUrl=None, profileBannerUrl=None, label=None)]"
39,2022-03-02 20:50:23+00:00,@TheMarvel91 @piersmorgan That talk is cheap.  And he will never make a NET profit out of the Chelsea sale.  So no net proceeds for the ailing Ukrainians.,0,0,1,"[User(username='TheMarvel91', id=1377942848, displayname='Marco', description=None, rawDescription=None, descriptionUrls=None, verified=None, created=None, followersCount=None, friendsCount=None, statusesCount=None, favouritesCount=None, listedCount=None, mediaCount=None, location=None, protected=None, linkUrl=None, linkTcourl=None, profileImageUrl=None, profileBannerUrl=None, label=None), User(username='piersmorgan', id=216299334, displayname='Piers Morgan', description=None, rawDescription=None, descriptionUrls=None, verified=None, created=None, followersCount=None, friendsCount=None, statusesCount=None, favouritesCount=None, listedCount=None, mediaCount=None, location=None, protected=None, linkUrl=None, linkTcourl=None, profileImageUrl=None, profileBannerUrl=None, label=None)]"
40,2022-03-02 20:41:50+00:00,"@TheMarvel91 @piersmorgan ""net proceeds"" were the keywords in that statement.",0,1,2,"[User(username='TheMarvel91', id=1377942848, displayname='Marco', description=None, rawDescription=None, descriptionUrls=None, verified=None, created=None, followersCount=None, friendsCount=None, statusesCount=None, favouritesCount=None, listedCount=None, mediaCount=None, location=None, protected=None, linkUrl=None, linkTcourl=None, profileImageUrl=None, profileBannerUrl=None, label=None), User(username='piersmorgan', id=216299334, displayname='Piers Morgan', description=None, rawDescription=None, descriptionUrls=None, verified=None, created=None, followersCount=None, friendsCount=None, statusesCount=None, favouritesCount=None, listedCount=None, mediaCount=None, location=None, protected=None, linkUrl=None, linkTcourl=None, profileImageUrl=None, profileBannerUrl=None, label=None)]"
41,2022-02-16 14:58:17+00:00,"""Open office will not print on Tuesdays""  https://t.co/7c6cNukdHj",0,0,0,No mention
42,2022-01-29 16:44:44+00:00,@TheMarvel91 Aħjar minn @aaronramsey,0,0,0,"[User(username='TheMarvel91', id=1377942848, displayname='Marco', description=None, rawDescription=None, descriptionUrls=None, verified=None, created=None, followersCount=None, friendsCount=None, statusesCount=None, favouritesCount=None, listedCount=None, mediaCount=None, location=None, protected=None, linkUrl=None, linkTcourl=None, profileImageUrl=None, profileBannerUrl=None, label=None), User(username='aaronramsey', id=263099844, displayname='Aaron Ramsey', description=None, rawDescription=None, descriptionUrls=None, verified=None, created=None, followersCount=None, friendsCount=None, statusesCount=None, favouritesCount=None, listedCount=None, mediaCount=None, location=None, protected=None, linkUrl=None, linkTcourl=None, profileImageUrl=None, profileBannerUrl=None, label=None)]"
43,2022-01-24 14:53:24+00:00,"Project #DisCO, finding novel #COVID19 inhibitors using computational methods.  @TheTimesofMalta @UMmalta @MCST_Science More details: https://t.co/MKYHNmvZMe https://t.co/VaUxs8f86Y",1,0,0,"[User(username='TheTimesofMalta', id=390687940, displayname='Times of Malta', description=None, rawDescription=None, descriptionUrls=None, verified=None, created=None, followersCount=None, friendsCount=None, statusesCount=None, favouritesCount=None, listedCount=None, mediaCount=None, location=None, protected=None, linkUrl=None, linkTcourl=None, profileImageUrl=None, profileBannerUrl=None, label=None), User(username='UMmalta', id=608929606, displayname='University of Malta', description=None, rawDescription=None, descriptionUrls=None, verified=None, created=None, followersCount=None, friendsCount=None, statusesCount=None, favouritesCount=None, listedCount=None, mediaCount=None, location=None, protected=None, linkUrl=None, linkTcourl=None, profileImageUrl=None, profileBannerUrl=None, label=None), User(username='MCST_Science', id=1091301188, displayname='MCST', description=None, rawDescription=None, descriptionUrls=None, verified=None, created=None, followersCount=None, friendsCount=None, statusesCount=None, favouritesCount=None, listedCount=None, mediaCount=None, location=None, protected=None, linkUrl=None, linkTcourl=None, profileImageUrl=None, profileBannerUrl=None, label=None)]"
44,2022-01-21 16:11:54+00:00,Proud to be part of this team! #bioinformatics https://t.co/cSoLHwUyNu,7,1,1,No mention
45,2022-01-18 12:02:10+00:00,"Are you interested in a #bioinformatics (#multiomics) #ERAChair @UMmalta? Read more:
https://t.co/r9fmVDKzXr",2,2,0,"[User(username='UMmalta', id=608929606, displayname='University of Malta', description=None, rawDescription=None, descriptionUrls=None, verified=None, created=None, followersCount=None, friendsCount=None, statusesCount=None, favouritesCount=None, listedCount=None, mediaCount=None, location=None, protected=None, linkUrl=None, linkTcourl=None, profileImageUrl=None, profileBannerUrl=None, label=None)]"
46,2022-01-17 14:31:13+00:00,"@curlyqubit @QuSysTCD @quantumwizard @edukazzjoni Go get them, buddy.",1,0,0,"[User(username='curlyqubit', id=1007972243236970496, displayname='Jake Xuereb', description=None, rawDescription=None, descriptionUrls=None, verified=None, created=None, followersCount=None, friendsCount=None, statusesCount=None, favouritesCount=None, listedCount=None, mediaCount=None, location=None, protected=None, linkUrl=None, linkTcourl=None, profileImageUrl=None, profileBannerUrl=None, label=None), User(username='QuSysTCD', id=923512102555475970, displayname='Goold_Group', description=None, rawDescription=None, descriptionUrls=None, verified=None, created=None, followersCount=None, friendsCount=None, statusesCount=None, favouritesCount=None, listedCount=None, mediaCount=None, location=None, protected=None, linkUrl=None, linkTcourl=None, profileImageUrl=None, profileBannerUrl=None, label=None), User(username='quantumwizard', id=40246849, displayname='Steve Campbell', description=None, rawDescription=None, descriptionUrls=None, verified=None, created=None, followersCount=None, friendsCount=None, statusesCount=None, favouritesCount=None, listedCount=None, mediaCount=None, location=None, protected=None, linkUrl=None, linkTcourl=None, profileImageUrl=None, profileBannerUrl=None, label=None), User(username='edukazzjoni', id=1904001824, displayname='Edukazzjoni', description=None, rawDescription=None, descriptionUrls=None, verified=None, created=None, followersCount=None, friendsCount=None, statusesCount=None, favouritesCount=None, listedCount=None, mediaCount=None, location=None, protected=None, linkUrl=None, linkTcourl=None, profileImageUrl=None, profileBannerUrl=None, label=None)]"
47,2022-01-11 12:40:17+00:00,"Science #visualization trends of 2021.  Something to keep in mind for the next paper. Thanks, @helenajambor for this sum up. 📊📈https://t.co/YUGqiiZHHw",3,0,0,"[User(username='helenajambor', id=820984412, displayname='HelenaKJambor', description=None, rawDescription=None, descriptionUrls=None, verified=None, created=None, followersCount=None, friendsCount=None, statusesCount=None, favouritesCount=None, listedCount=None, mediaCount=None, location=None, protected=None, linkUrl=None, linkTcourl=None, profileImageUrl=None, profileBannerUrl=None, label=None)]"
